Tanggal;Terakhir;Pembukaan;Tertinggi;Terendah
14/08/2024;14910;14845;14970;14790
13/08/2024;14828;14515;14973;14505
12/08/2024;14535;14800;14800;14520
09/08/2024;14835;14955;15080;14810
08/08/2024;14995;15100;15180;14900
07/08/2024;15155;15225;15235;15070
06/08/2024;15200;15155;15250;15090
05/08/2024;15275;14940;15350;14900
02/08/2024;14945;15060;15065;14935
01/08/2024;15070;15215;15380;14805
31/07/2024;15250;15135;15310;15045
30/07/2024;15235;15175;15260;15100
29/07/2024;15210;15100;15260;15010
26/07/2024;15235;14995;15245;14915
25/07/2024;15010;14790;15045;14725
24/07/2024;14790;14690;15055;14650
23/07/2024;14730;14550;14800;14475
22/07/2024;14600;14265;14860;14265
19/07/2024;14240;14270;14315;14150
18/07/2024;14290;14460;14480;14270
17/07/2024;14430;14425;14565;14395
16/07/2024;14405;14700;14775;14395
15/07/2024;14700;14640;14895;14555
12/07/2024;19550;18610;19620;18595
11/07/2024;17550;14645;14737;14567
10/07/2024;17205;17480;17480;17480
09/07/2024;17105;14790;14920;14595
08/07/2024;17065;17005;17010;17000
05/07/2024;16935;15005;15085;14545
03/07/2024;16930;15055;15100;14985
02/07/2024;16920;16955;16960;16955
01/07/2024;16955;16990;16990;16990
28/06/2024;16965;16955;17200;16950
27/06/2024;16755;18255;18310;16700
26/06/2024;17800;18445;18885;17625
25/06/2024;18610;18590;18620;18420
24/06/2024;18515;18200;18655;18195
21/06/2024;18200;18000;18230;17970
20/06/2024;17995;18100;18160;17965
18/06/2024;18160;17680;18200;17640
17/06/2024;17685;18180;18270;17605
14/06/2024;18185;18640;18725;18110
13/06/2024;18545;18225;18615;18180
12/06/2024;18225;17560;18385;17560
11/06/2024;17545;17780;17800;17525
10/06/2024;17720;18280;18280;17630
07/06/2024;18170;18195;18615;17960
06/06/2024;18260;17450;18500;17435
05/06/2024;17415;17595;17730;17410
04/06/2024;17575;17580;17800;17510
03/06/2024;17500;17725;17750;17480
31/05/2024;17670;17810;17935;17660
30/05/2024;17830;17820;17910;17730
29/05/2024;17840;18080;18140;17810
28/05/2024;18090;18460;18595;18050
24/05/2024;18340;18460;18485;18300
23/05/2024;18485;18815;19005;18380
22/05/2024;18750;18580;18800;18565
21/05/2024;18590;18830;18835;18565
20/05/2024;18850;18770;18865;18700
17/05/2024;18755;19090;19145;18725
16/05/2024;19100;19035;19180;18830
15/05/2024;19110;18900;19160;18730
14/05/2024;18715;18648;18930;18558
13/05/2024;18705;19250;19250;19250
10/05/2024;19255;18760;18840;18760
09/05/2024;18685;18440;19005;18440
08/05/2024;18315;18400;18483;18395
07/05/2024;18295;18405;18405;18405
06/05/2024;18405;18400;18420;18180
03/05/2024;18740;18650;18650;18650
02/05/2024;18170;18445;18445;18300
01/05/2024;18970;19085;19165;19085
30/04/2024;18890;19105;19150;18850
29/04/2024;19100;18905;19135;18900
26/04/2024;18810;19045;19160;18770
25/04/2024;19085;19170;19210;18900
24/04/2024;19200;18995;19220;18955
23/04/2024;19195;18995;19250;18900
22/04/2024;18965;18890;19205;18500
19/04/2024;19000;19035;19360;18805
18/04/2024;19015;18795;19065;18750
17/04/2024;18830;18385;18950;18370
16/04/2024;18365;18420;18920;18200
15/04/2024;18330;17250;18330;17250
12/04/2024;17230;16860;17380;16695
11/04/2024;16870;17080;17250;16745
10/04/2024;17150;16680;17480;16615
09/04/2024;16615;16070;16650;16065
08/04/2024;16115;16230;16325;16060
05/04/2024;16160;16235;16340;16155
04/04/2024;16200;16390;16500;16180
03/04/2024;16510;16150;16595;16015
02/04/2024;16080;16370;16370;16060
01/04/2024;16295;16390;16495;16260
28/03/2024;16360;16610;16715;16335
27/03/2024;16585;16790;16800;16565
26/03/2024;16800;17180;17180;16775
25/03/2024;17045;17345;17440;16850
22/03/2024;17345;17535;17575;17340
21/03/2024;17515;17685;17685;17505
20/03/2024;17695;17725;17730;17680
19/03/2024;17730;17780;17840;17705
18/03/2024;17770;17850;17850;17740
15/03/2024;17820;17865;17885;17810
14/03/2024;17535;17970;18000;17850
13/03/2024;17615;17860;17990;17835
12/03/2024;17500;17915;17920;17830
11/03/2024;17445;17880;18000;17820
08/03/2024;17510;17850;18010;17775
07/03/2024;17440;17525;17525;17525
06/03/2024;17545;17700;17700;17635
05/03/2024;17720;17930;17930;17930
04/03/2024;17945;18185;18185;18185
01/03/2024;18220;18260;18645;18185
29/02/2024;17870;17900;17930;17900
28/02/2024;17940;18030;18065;17875
27/02/2024;17985;18255;18255;17870
26/02/2024;18280;18520;18590;18225
23/02/2024;18600;18515;18725;18135
22/02/2024;18520;18285;18615;17920
21/02/2024;18245;18180;18315;18100
20/02/2024;18175;18320;18410;18080
16/02/2024;18320;18560;18655;18250
15/02/2024;18630;18620;18895;18495
14/02/2024;18620;18330;18740;18310
13/02/2024;18365;18575;18740;18300
12/02/2024;18625;18880;19190;18550
09/02/2024;18920;18655;18975;18655
08/02/2024;18650;18445;18695;18445
07/02/2024;18485;18530;18580;18360
06/02/2024;18575;18340;18580;18340
05/02/2024;18310;18395;18455;18260
02/02/2024;18435;18080;18480;18080
01/02/2024;18105;18030;18190;17885
31/01/2024;17865;18140;18275;17850
30/01/2024;18175;18080;18295;17950
29/01/2024;18090;17955;18170;17905
26/01/2024;17985;17960;18015;17870
25/01/2024;17965;17780;18060;17720
24/01/2024;17775;17450;17800;17450
23/01/2024;17435;17555;17560;17420
22/01/2024;17555;17685;17690;17510
19/01/2024;17635;17625;17720;17555
18/01/2024;17600;17600;17730;17575
17/01/2024;17645;17540;17690;17540
16/01/2024;17555;17670;17745;17505
12/01/2024;17235;17170;17220;17170
11/01/2024;17160;17200;17200;17135
10/01/2024;17130;17200;17230;17075
09/01/2024;17225;17105;17105;17090
08/01/2024;17130;17030;17045;17030
05/01/2024;17250;16975;16975;16905
04/01/2024;16925;16970;16970;16840
03/01/2024;16920;17635;17680;16940
02/01/2024;17630;17500;17655;17315
29/12/2023;17305;17170;17390;17170
28/12/2023;17150;17250;17250;17080
27/12/2023;17260;17325;17380;17230
26/12/2023;17330;17435;17435;17300
22/12/2023;17390;17310;17440;17285
21/12/2023;17330;17300;17420;17300
20/12/2023;17355;17275;17375;17235
19/12/2023;17235;17330;17430;17170
18/12/2023;17385;17150;17440;17105
15/12/2023;17120;17150;17240;17015
14/12/2023;17105;17040;17190;16945
13/12/2023;16940;16875;17080;16825
12/12/2023;16890;17010;17040;16865
11/12/2023;17090;17060;17150;16880
08/12/2023;17040;17185;17300;17010
07/12/2023;17080;16950;17340;16825
06/12/2023;16950;16830;17000;16805
05/12/2023;16810;16905;17040;16800
04/12/2023;16900;17145;17195;16880
01/12/2023;17185;17355;17375;17170
30/11/2023;17345;17395;17575;17285
29/11/2023;17410;17370;17445;17290
28/11/2023;17380;17260;17450;17170
27/11/2023;17240;17510;17650;17220
24/11/2023;17565;17210;17675;17165
22/11/2023;17300;17350;17545;17070
21/11/2023;17500;17360;17525;17285
20/11/2023;17395;17265;17400;17260
17/11/2023;17405;17250;17460;17250
16/11/2023;17250;16925;17430;16850
15/11/2023;16940;16750;17010;16730
14/11/2023;16730;16890;16890;16730
13/11/2023;16850;16840;16840;16805
10/11/2023;16900;16900;16900;16900
09/11/2023;16665;16420;16560;16310
08/11/2023;16630;16750;16750;16750
07/11/2023;16320;16190;16190;16190
06/11/2023;16220;16180;16255;16180
03/11/2023;16215;16130;16180;16115
02/11/2023;16160;16360;16360;16125
01/11/2023;16245;16335;16340;16205
31/10/2023;16120;16100;16135;16070
30/10/2023;16070;16195;16210;15995
27/10/2023;16215;16240;16260;16150
26/10/2023;16245;16110;16290;16080
25/10/2023;16120;16075;16120;15900
24/10/2023;16115;16090;16180;16035
23/10/2023;16095;15835;16195;15835
20/10/2023;15835;15775;15900;15765
19/10/2023;15775;15850;15925;15765
18/10/2023;15860;15860;15940;15825
17/10/2023;15855;15795;15990;15785
16/10/2023;15805;15950;15960;15755
13/10/2023;15955;15925;16005;15860
12/10/2023;15930;15910;16050;15895
11/10/2023;15930;15895;15960;15785
10/10/2023;15870;15810;15935;15630
09/10/2023;15825;16020;16070;15645
06/10/2023;16045;15650;16090;15650
05/10/2023;15675;15645;15790;15600
04/10/2023;15645;15770;15800;15635
03/10/2023;15765;15890;15890;15730
02/10/2023;15880;15885;16050;15875
29/09/2023;15910;16090;16090;15825
28/09/2023;16130;16100;16200;16070
27/09/2023;16175;16190;16265;16055
26/09/2023;16190;15870;16210;15825
25/09/2023;15850;15825;15965;15795
22/09/2023;15825;15810;15885;15765
21/09/2023;15795;15960;16000;15795
20/09/2023;15960;15960;16150;15905
19/09/2023;16030;15980;16050;15830
18/09/2023;16015;16260;16295;15970
15/09/2023;16215;16225;16290;16140
14/09/2023;16460;16460;16460;16460
13/09/2023;16120;15925;15950;15900
12/09/2023;15810;15730;15825;15730
11/09/2023;15815;16055;16075;15710
08/09/2023;16100;16180;16290;16010
07/09/2023;16255;16600;16600;16600
06/09/2023;16750;16700;16860;16580
05/09/2023;16860;16685;16685;16685
01/09/2023;16645;16650;16795;16525
31/08/2023;16790;16680;16785;16530
30/08/2023;16705;16455;16825;16400
29/08/2023;16545;16045;16540;15960
28/08/2023;16080;15705;16100;15705
25/08/2023;15680;15715;15875;15635
24/08/2023;15715;15400;15750;15400
23/08/2023;15440;15480;15505;15405
22/08/2023;15490;15515;15605;15470
21/08/2023;15515;15560;15650;15495
18/08/2023;15545;15540;15605;15520
17/08/2023;15535;15620;15685;15520
16/08/2023;15550;15590;15675;15535
15/08/2023;15585;15630;15700;15540
14/08/2023;15635;15905;15970;15615
11/08/2023;15990;16030;16200;15900
10/08/2023;16035;16050;16160;16000
09/08/2023;16070;15905;16125;15840
08/08/2023;15890;15830;15975;15755
07/08/2023;15920;15895;16050;15700
04/08/2023;15950;16005;16125;15900
03/08/2023;16080;15935;16180;15875
02/08/2023;15935;15860;15960;15640
01/08/2023;15845;15455;16085;15455
31/07/2023;15470;15575;15575;15360
28/07/2023;15625;15740;15740;15570
27/07/2023;15790;15645;15980;15645
26/07/2023;15845;15875;15960;15530
25/07/2023;15930;16100;16310;15675
24/07/2023;16195;15895;16210;15895
21/07/2023;15900;15860;15900;15740
20/07/2023;15885;15590;15980;15525
19/07/2023;15645;15555;15700;15500
18/07/2023;15575;15310;15620;15310
17/07/2023;15365;15445;15560;15000
14/07/2023;17725;17800;17800;17650
13/07/2023;18900;14890;15290;14890
12/07/2023;19195;19150;19500;18850
11/07/2023;19160;18950;19500;18950
10/07/2023;19100;19000;19000;18800
07/07/2023;18685;18505;18750;18430
06/07/2023;18640;18450;18700;18300
05/07/2023;18270;18250;18500;18245
03/07/2023;18045;18495;18500;18250
30/06/2023;18055;17695;18505;17400
29/06/2023;17705;17385;18090;17380
28/06/2023;17485;17600;17665;17220
27/06/2023;17675;17900;18000;17660
26/06/2023;17940;17845;18140;17845
23/06/2023;17700;17600;17770;17510
22/06/2023;17610;17550;17700;17425
21/06/2023;17450;17250;17545;17200
20/06/2023;17190;17990;17990;17130
16/06/2023;17795;17750;18095;17635
15/06/2023;17740;17600;18065;17590
14/06/2023;17625;18320;18320;17500
13/06/2023;18465;19550;19670;18465
12/06/2023;19665;18705;19920;18705
09/06/2023;19025;18770;19425;18570
08/06/2023;18780;18300;18795;18280
07/06/2023;18310;18165;18335;17930
06/06/2023;18125;17925;18165;17925
05/06/2023;17935;17690;18075;17630
02/06/2023;17690;17480;17780;17330
01/06/2023;17480;17170;17645;17160
31/05/2023;17290;17045;17315;16840
30/05/2023;17030;17070;17425;16935
26/05/2023;17070;16680;17210;16600
25/05/2023;16600;16630;16805;16595
24/05/2023;16615;16690;16805;16600
23/05/2023;16690;16865;16870;16660
22/05/2023;16835;17095;17265;16705
19/05/2023;17065;17325;17400;17060
18/05/2023;17335;17530;17610;17330
17/05/2023;17510;17430;17580;17305
16/05/2023;17410;17855;17965;17360
15/05/2023;17855;18420;18590;17800
12/05/2023;18275;18270;18500;18240
11/05/2023;18095;18265;18395;18160
10/05/2023;18145;18000;18000;18000
09/05/2023;18005;18365;18365;17985
08/05/2023;18150;18100;18100;18100
05/05/2023;18070;18000;18050;18000
04/05/2023;17780;17770;17790;17770
03/05/2023;17730;17765;17780;17765
02/05/2023;17645;17685;17685;17685
01/05/2023;17500;17465;17465;17465
28/04/2023;17385;17305;17305;17280
27/04/2023;16860;16855;16990;16765
26/04/2023;16930;16970;17040;16860
25/04/2023;16900;16940;17125;16700
24/04/2023;16940;17045;17075;16870
21/04/2023;16915;16860;17075;16860
20/04/2023;16780;17140;17220;16765
19/04/2023;17120;17370;17370;17090
18/04/2023;17340;17345;17465;17250
17/04/2023;17330;17330;17415;17005
14/04/2023;17385;17610;17745;17260
13/04/2023;17545;17515;17860;17390
12/04/2023;17550;17040;17600;17025
11/04/2023;16955;16420;17155;16310
10/04/2023;16410;16650;16750;16255
07/04/2023;16635;16635;16635;16635
06/04/2023;16635;16865;16890;16540
05/04/2023;16830;16765;16900;16710
04/04/2023;16790;17150;17150;16690
03/04/2023;17080;17425;17600;17010
31/03/2023;17415;17715;17780;17390
30/03/2023;17600;17705;17740;17570
29/03/2023;17705;17715;17885;17600
28/03/2023;17745;17785;17970;17715
27/03/2023;17835;17875;18000;17695
24/03/2023;17880;17525;17945;17505
23/03/2023;17560;17190;17570;17150
22/03/2023;17255;17290;17340;17120
21/03/2023;17265;17340;17440;17225
20/03/2023;17305;17065;17340;17000
17/03/2023;17200;17290;17350;17130
16/03/2023;17290;17270;17470;17210
15/03/2023;17270;17150;17490;17150
14/03/2023;16730;16690;17190;16690
13/03/2023;16350;16400;16735;16275
10/03/2023;16035;16370;16560;16280
09/03/2023;16010;16330;16510;16250
08/03/2023;15980;16650;16650;16250
07/03/2023;16325;16940;16975;16515
06/03/2023;16595;17360;17430;16910
03/03/2023;16995;17525;17590;17330
02/03/2023;17240;17150;17225;17150
01/03/2023;17165;16840;17210;16840
28/02/2023;16970;16920;17005;16920
27/02/2023;16990;16650;16980;16650
24/02/2023;16800;16780;16860;16710
23/02/2023;16810;16990;17050;16730
22/02/2023;17025;17285;17285;16900
21/02/2023;17270;17550;17550;17125
17/02/2023;17515;17620;17635;17470
16/02/2023;17555;17510;17640;17475
15/02/2023;17550;17660;17675;17470
14/02/2023;17710;17860;17895;17630
13/02/2023;17910;18090;18155;17845
10/02/2023;18085;18050;18180;18005
09/02/2023;18115;17965;18195;17855
08/02/2023;17900;17480;18000;17455
07/02/2023;17475;17555;17620;17470
06/02/2023;17545;17720;17765;17540
03/02/2023;17740;17775;17790;17710
02/02/2023;17780;17840;17935;17770
01/02/2023;17845;17825;17955;17770
31/01/2023;17825;18060;18140;17815
30/01/2023;18120;18250;18335;18000
27/01/2023;18310;18270;18340;18245
26/01/2023;18310;18155;18360;18155
25/01/2023;18160;18150;18270;18140
24/01/2023;18225;18165;18330;18110
23/01/2023;18225;18085;18250;18010
20/01/2023;18110;17915;18135;17900
19/01/2023;17910;17915;18090;17860
18/01/2023;17970;17930;18015;17770
17/01/2023;17935;18055;18060;17760
13/01/2023;17870;18075;18375;18050
12/01/2023;17780;17795;18070;17600
11/01/2023;17470;17990;18050;17600
10/01/2023;17710;17870;18035;17835
09/01/2023;17640;17450;17550;17450
06/01/2023;17495;17300;17300;17250
05/01/2023;17375;17490;17495;17000
04/01/2023;17500;17550;17550;17500
03/01/2023;18075;17915;17970;17915
30/12/2022;18050;17960;18030;17960
29/12/2022;17895;17640;17935;17635
28/12/2022;17730;17610;17920;17570
27/12/2022;17935;18000;18135;17875
23/12/2022;18015;17950;18025;17890
22/12/2022;17955;17800;17970;17775
21/12/2022;17840;17755;17990;17715
20/12/2022;17780;17135;17850;17035
19/12/2022;17120;16740;17240;16740
16/12/2022;16685;16660;16740;16645
15/12/2022;16635;16735;16735;16630
14/12/2022;16755;16800;16800;16690
13/12/2022;16765;16705;16835;16705
12/12/2022;16705;16780;16870;16655
09/12/2022;16715;16740;16850;16700
08/12/2022;16755;16740;16785;16625
07/12/2022;16710;16820;16875;16650
06/12/2022;16845;17020;17225;16705
05/12/2022;17035;17680;17735;17020
02/12/2022;17635;17790;17805;17625
01/12/2022;17795;17780;17900;17745
30/11/2022;17810;17960;17960;17785
29/11/2022;17895;17890;17975;17845
28/11/2022;17930;18030;18125;17600
25/11/2022;18120;18015;18200;18010
23/11/2022;18010;17910;18040;17850
22/11/2022;17945;17775;17945;17760
21/11/2022;17810;17765;17875;17760
18/11/2022;17795;17730;17970;17670
17/11/2022;17730;17655;17955;17620
16/11/2022;17740;17800;17810;17515
15/11/2022;17780;17930;17940;17765
14/11/2022;17630;17955;18015;17805
11/11/2022;17620;17980;18040;17895
10/11/2022;17675;17915;18045;17870
09/11/2022;17650;17910;18000;17855
08/11/2022;17575;17490;17490;17490
07/11/2022;17420;17695;17810;17690
04/11/2022;17310;17500;17765;17490
03/11/2022;17185;17510;17705;17280
02/11/2022;17185;17590;17730;17450
01/11/2022;17225;16525;17155;16525
31/10/2022;16560;16155;16485;16155
28/10/2022;16125;16010;16130;15970
27/10/2022;16010;16025;16115;15965
26/10/2022;16030;16205;16210;16005
25/10/2022;16185;16200;16270;16190
24/10/2022;16235;16385;16460;16225
21/10/2022;16360;16450;16500;16250
20/10/2022;16450;16500;16525;16435
19/10/2022;16485;16550;16555;16475
18/10/2022;16540;16655;16670;16500
17/10/2022;16670;16730;16765;16655
14/10/2022;16735;16760;16805;16720
13/10/2022;16760;16810;16830;16720
12/10/2022;16810;16730;16880;16695
11/10/2022;16720;16730;16760;16685
10/10/2022;16715;16825;16915;16705
07/10/2022;16825;16915;16915;16810
06/10/2022;16890;16985;16995;16870
05/10/2022;16970;16960;17045;16905
04/10/2022;16965;16930;17025;16910
03/10/2022;16935;17155;17250;16920
30/09/2022;17170;17325;17420;17160
29/09/2022;17350;17395;17470;17315
28/09/2022;17360;17305;17380;17270
27/09/2022;17315;17350;17550;17265
26/09/2022;17350;17375;17390;17190
23/09/2022;17380;17395;17420;17360
22/09/2022;17385;17605;17620;17325
21/09/2022;17625;17720;17780;17540
20/09/2022;17725;17615;17795;17615
19/09/2022;17635;17790;17815;17575
16/09/2022;17825;17790;17875;17650
15/09/2022;17820;17715;17945;17630
14/09/2022;17550;17785;17890;17670
13/09/2022;17520;17495;17500;17495
12/09/2022;17430;17585;17760;17390
09/09/2022;17320;17195;17670;17195
08/09/2022;17240;17085;17270;17000
07/09/2022;16780;17230;17230;16970
06/09/2022;16850;17600;17815;17080
02/09/2022;17380;17635;17940;17635
01/09/2022;17385;17870;17950;17585
31/08/2022;17505;17500;17590;17440
30/08/2022;17430;17200;17485;17200
29/08/2022;17280;17240;17305;16850
26/08/2022;17315;17125;17325;17125
25/08/2022;17160;17245;17315;17065
24/08/2022;17245;17190;17475;17190
23/08/2022;17290;17140;17330;17140
22/08/2022;17125;16990;17225;16990
19/08/2022;17085;16585;17140;16585
18/08/2022;16555;16660;16690;16495
17/08/2022;16665;16885;16885;16660
16/08/2022;16900;17030;17110;16885
15/08/2022;17075;17175;17180;16950
12/08/2022;17155;17060;17190;16960
11/08/2022;17080;16985;17195;16985
10/08/2022;16945;16975;17055;16850
09/08/2022;17000;17130;17240;16975
08/08/2022;17195;17210;17290;17020
05/08/2022;17340;17255;17455;17210
04/08/2022;17325;17045;17350;17005
03/08/2022;17060;16810;17080;16680
02/08/2022;16775;16665;16860;16650
01/08/2022;16660;16875;16915;16630
29/07/2022;16885;17010;17120;16885
28/07/2022;17020;17005;17070;16940
27/07/2022;17085;17030;17160;17030
26/07/2022;17095;16905;17190;16885
25/07/2022;16930;16760;16970;16760
22/07/2022;16865;16950;17010;16795
21/07/2022;16985;16840;17030;16810
20/07/2022;16945;17120;17225;16760
19/07/2022;17160;16970;17290;16955
18/07/2022;17070;16625;17305;16560
15/07/2022;16525;16395;16600;16360
14/07/2022;16140;16410;16465;16325
13/07/2022;16215;16220;16220;16220
12/07/2022;16205;16225;16225;16170
11/07/2022;16305;16295;16300;16295
08/07/2022;16200;16355;16500;16280
07/07/2022;16135;15940;15990;15940
06/07/2022;15925;15800;15835;15800
05/07/2022;15830;16065;16065;15900
01/07/2022;16120;16440;16445;16150
30/06/2022;16425;16375;16450;16330
29/06/2022;16450;16250;16560;16245
28/06/2022;16210;16120;16300;16010
27/06/2022;16080;16150;16250;16050
24/06/2022;16055;16075;16130;16010
23/06/2022;16115;16280;16280;15990
22/06/2022;16315;16070;16335;16010
21/06/2022;16125;16220;16290;16110
17/06/2022;16220;16350;16370;16080
16/06/2022;16355;16410;16575;16320
15/06/2022;16455;16530;16555;16405
14/06/2022;16555;16300;16610;16295
13/06/2022;16380;16265;16555;16110
10/06/2022;16250;16565;16575;16220
09/06/2022;16635;16945;16945;16560
08/06/2022;16920;16860;17040;16775
07/06/2022;16940;17200;17235;16885
06/06/2022;17230;16870;17250;16765
03/06/2022;16795;16970;17045;16780
02/06/2022;16975;17060;17320;16950
01/06/2022;17135;17495;17605;17110
31/05/2022;17545;17500;17645;17405
30/05/2022;17435;17435;17435;17435
27/05/2022;17470;17315;17550;17140
26/05/2022;17275;17040;17385;17035
25/05/2022;17075;17150;17185;16840
24/05/2022;17165;17270;17350;16920
23/05/2022;17270;17130;17465;17130
20/05/2022;17165;16910;17255;16880
19/05/2022;16985;16755;17060;16720
18/05/2022;16810;17120;17120;16715
17/05/2022;17165;17800;18040;16880
16/05/2022;17825;17390;18155;17370
13/05/2022;17150;17230;17535;17170
12/05/2022;16935;17020;17220;16985
11/05/2022;16685;16625;16625;16600
10/05/2022;16585;16435;16435;16370
09/05/2022;16495;16690;16690;16605
06/05/2022;16995;17070;17185;16950
05/05/2022;17080;17125;17355;16780
04/05/2022;17100;17080;17205;17025
03/05/2022;17035;17155;17360;16910
02/05/2022;16775;17085;17085;17080
29/04/2022;17480;17090;17480;16970
28/04/2022;16775;16545;16925;16545
27/04/2022;16660;16615;16850;16520
26/04/2022;16750;16380;16830;16380
25/04/2022;16330;16158;16880;16018
22/04/2022;16205;16200;16270;16105
21/04/2022;16230;16205;16280;16080
20/04/2022;16055;16150;16245;16005
19/04/2022;16065;16570;17000;15690
18/04/2022;16550;16160;16700;16140
14/04/2022;16195;15750;16210;15735
13/04/2022;15760;15750;15785;15635
12/04/2022;15710;15630;15750;15625
11/04/2022;15625;15780;15780;15625
08/04/2022;15780;15785;15890;15705
07/04/2022;15815;15855;15930;15730
06/04/2022;15905;16065;16080;15855
05/04/2022;16035;15935;16070;15905
04/04/2022;15965;16050;16070;15885
01/04/2022;16005;15955;16115;15850
31/03/2022;16010;15910;16175;15855
30/03/2022;15915;15840;16030;15750
29/03/2022;15730;15930;15930;15610
28/03/2022;15960;16195;16240;15855
25/03/2022;16255;15985;16445;15805
24/03/2022;16010;15915;16050;15860
23/03/2022;15990;16015;16080;15900
22/03/2022;16025;15925;16040;15830
21/03/2022;15930;15590;16065;15500
18/03/2022;15625;15700;15710;15510
17/03/2022;15710;15815;15835;15660
16/03/2022;15865;16250;16285;15840
15/03/2022;16180;16185;16265;15890
14/03/2022;15580;15575;15600;15460
11/03/2022;15510;15650;15650;15460
10/03/2022;15570;15565;15565;15565
09/03/2022;15525;16058;16113;15815
08/03/2022;15670;15675;15715;15500
07/03/2022;15920;15890;16000;15890
04/03/2022;16120;16495;16495;16495
03/03/2022;16030;16188;16880;16140
02/03/2022;15890;15910;16130;15910
01/03/2022;15860;15400;15910;15400
28/02/2022;15365;15140;15400;15140
25/02/2022;15110;15105;15125;15025
24/02/2022;15120;15110;15495;14920
23/02/2022;15060;15120;15300;15005
22/02/2022;15120;14885;15150;14880
18/02/2022;14900;14890;14915;14790
17/02/2022;14910;14880;15000;14800
16/02/2022;14880;14800;14940;14740
15/02/2022;14810;14990;14995;14800
14/02/2022;15050;15195;15230;14850
11/02/2022;15210;14775;15235;14650
10/02/2022;14795;15105;15105;14780
09/02/2022;15085;15255;15275;15030
08/02/2022;15260;15445;15500;15255
07/02/2022;15450;15275;15525;15245
04/02/2022;15275;15400;15495;15170
03/02/2022;15375;15425;15515;15255
02/02/2022;15435;15155;15580;15135
01/02/2022;15165;15060;15185;14960
31/01/2022;15060;14905;15100;14815
28/01/2022;14975;14960;14980;14610
27/01/2022;14960;15025;15230;14920
26/01/2022;15070;14905;15100;14905
25/01/2022;14970;14915;15175;14710
24/01/2022;14980;14845;15020;14830
21/01/2022;14850;14750;15095;14625
20/01/2022;14770;14655;14820;14595
19/01/2022;14655;14510;14665;14440
18/01/2022;14520;14670;14695;14350
14/01/2022;14190;14253;14670;14253
13/01/2022;14065;14253;14370;14243
12/01/2022;14065;14300;14300;14110
11/01/2022;14050;14545;14545;14178
10/01/2022;14370;14725;14830;14543
07/01/2022;14550;14650;14783;14648
06/01/2022;14485;14535;14535;14535
05/01/2022;14445;14663;14738;14508
04/01/2022;14460;14573;14850;14408
03/01/2022;14435;14860;14870;14615
31/12/2021;14630;14640;14640;14640
30/12/2021;14575;14580;14625;14470
29/12/2021;14550;14450;14620;14450
28/12/2021;14465;14270;14525;14240
27/12/2021;14340;14010;14340;13990
24/12/2021;14130;14130;14130;14130
23/12/2021;14050;13950;14130;13945
22/12/2021;13915;13670;13925;13670
21/12/2021;13655;13655;13705;13585
20/12/2021;13660;13705;13770;13650
17/12/2021;13730;13795;13795;13700
16/12/2021;13745;13610;13800;13610
15/12/2021;13610;13710;13785;13600
14/12/2021;13720;13790;13855;13710
13/12/2021;13775;13890;13905;13700
10/12/2021;13825;13800;14000;13800
09/12/2021;13800;13805;13875;13760
08/12/2021;13820;13910;13915;13805
07/12/2021;13915;14025;14070;13890
06/12/2021;14025;14080;14105;14000
03/12/2021;14065;14025;14105;14010
02/12/2021;14020;13950;14095;13865
01/12/2021;13950;14010;14060;13935
30/11/2021;14035;14330;14335;14000
29/11/2021;14295;14400;14420;14230
26/11/2021;14290;14445;14445;14090
24/11/2021;14460;14375;14475;14325
23/11/2021;14415;14440;14530;14340
22/11/2021;14545;14565;14700;14435
19/11/2021;14565;14590;14600;14510
18/11/2021;14590;14365;14630;14365
17/11/2021;14370;14165;14420;14165
16/11/2021;14185;14130;14210;14105
15/11/2021;14150;14085;14155;14000
12/11/2021;13905;14043;14130;13988
11/11/2021;13835;13750;13750;13750
10/11/2021;13645;13650;13650;13650
09/11/2021;13545;13425;13515;13400
08/11/2021;13335;13538;13700;13478
05/11/2021;13290;13440;13560;13430
04/11/2021;13185;13085;13085;13085
03/11/2021;13015;13300;13320;13248
02/11/2021;13015;13180;13180;12975
01/11/2021;13205;13455;13455;13190
29/10/2021;13280;13270;13305;13250
28/10/2021;13280;13300;13345;13280
27/10/2021;13295;13300;13380;13290
26/10/2021;13280;13400;13415;13275
25/10/2021;13400;13600;13600;13400
22/10/2021;13505;13560;13600;13470
21/10/2021;13570;13605;13625;13395
20/10/2021;13610;13710;13720;13605
19/10/2021;13720;13850;13875;13710
18/10/2021;13850;13850;13885;13705
15/10/2021;13855;13935;13950;13800
14/10/2021;13870;13785;13945;13785
13/10/2021;13805;13715;13820;13675
12/10/2021;13705;13735;13775;13675
11/10/2021;13780;13770;13835;13720
08/10/2021;13735;13835;13840;13720
07/10/2021;13840;13650;13860;13620
06/10/2021;13610;13580;13650;13520
05/10/2021;13525;13535;13550;13520
04/10/2021;13540;13615;13670;13530
01/10/2021;13615;13690;13770;13555
30/09/2021;13715;13770;13800;13610
29/09/2021;13805;13835;13915;13780
28/09/2021;13930;13940;14000;13760
27/09/2021;13995;13860;14000;13850
24/09/2021;13900;13795;13950;13690
23/09/2021;13830;13895;13920;13735
22/09/2021;13885;13845;13900;13650
21/09/2021;13850;13640;13880;13640
20/09/2021;13725;13780;13800;13515
17/09/2021;13780;13695;13785;13695
16/09/2021;13685;13785;13800;13630
15/09/2021;13790;13615;13800;13555
14/09/2021;13435;13485;13700;13480
13/09/2021;13325;13463;13600;13463
10/09/2021;13260;13250;13250;13250
09/09/2021;13085;13090;13140;13090
08/09/2021;13100;13070;13075;13030
07/09/2021;13100;13120;13120;13100
03/09/2021;13070;13065;13065;13045
02/09/2021;13055;13050;13050;13030
01/09/2021;12975;13045;13045;12945
31/08/2021;13130;13160;13160;13010
30/08/2021;13160;13205;13300;13050
27/08/2021;13230;13295;13390;13195
26/08/2021;13310;13310;13350;13225
25/08/2021;13355;13350;13405;13195
24/08/2021;13375;13410;13445;13335
23/08/2021;13390;13260;13420;13200
20/08/2021;13270;13200;13295;13195
19/08/2021;13195;13260;13285;13180
18/08/2021;13285;13500;13580;13280
17/08/2021;13445;13545;13550;13450
16/08/2021;13550;13550;13610;13470
13/08/2021;13530;13535;13630;13515
12/08/2021;13525;13405;13580;13345
11/08/2021;13430;13405;13550;13405
10/08/2021;13485;13400;13510;13360
09/08/2021;13390;13360;13410;13315
06/08/2021;13320;13330;13375;13210
05/08/2021;13285;13170;13370;13160
04/08/2021;13195;13355;13400;13150
03/08/2021;13400;13500;13500;13300
02/08/2021;13495;13660;13685;13470
30/07/2021;13680;13650;13685;13485
29/07/2021;13680;13680;13850;13660
28/07/2021;13660;13480;13685;13480
27/07/2021;13480;13555;13600;13455
26/07/2021;13545;13495;13600;13455
23/07/2021;13615;13535;13625;13485
22/07/2021;13540;13290;13580;13290
21/07/2021;13310;13160;13340;13155
20/07/2021;13190;13050;13190;13020
19/07/2021;13040;13260;13265;13030
16/07/2021;13230;13250;13345;13210
15/07/2021;13215;13140;13230;13060
14/07/2021;12830;13028;13135;13005
13/07/2021;12830;12870;13130;12818
12/07/2021;12660;12890;12980;12853
09/07/2021;12600;12510;12510;12510
08/07/2021;12485;12890;12895;12763
07/07/2021;12605;12820;12950;12793
06/07/2021;12520;12515;12545;12515
02/07/2021;12840;13473;13490;13038
01/07/2021;13155;13455;13550;13390
30/06/2021;13175;13440;13490;13440
29/06/2021;13250;13050;13250;13050
28/06/2021;13155;13125;13250;13105
25/06/2021;13150;13140;13215;13055
24/06/2021;13235;13245;13335;13160
23/06/2021;13345;12990;13670;12990
22/06/2021;13150;12670;13170;12670
21/06/2021;12720;12555;12760;12420
18/06/2021;12610;12215;12630;12210
17/06/2021;12230;12440;12580;12210
16/06/2021;12360;12310;12685;12310
15/06/2021;12310;12440;12620;12290
14/06/2021;12505;12900;12900;12440
11/06/2021;12850;12940;13035;12840
10/06/2021;12930;13065;13065;12805
09/06/2021;13085;13140;13220;13040
08/06/2021;13140;13230;13245;13125
07/06/2021;13270;13325;13330;13235
04/06/2021;13310;13265;13320;13265
03/06/2021;13295;13295;13320;13260
02/06/2021;13310;13265;13315;13250
01/06/2021;13285;13340;13440;13200
28/05/2021;13300;13235;13370;13200
27/05/2021;13235;13195;13330;13190
26/05/2021;13190;13240;13245;13165
25/05/2021;13200;13145;13260;13135
24/05/2021;13150;13185;13220;13110
21/05/2021;13185;13265;13275;13170
20/05/2021;13280;13340;13545;13265
19/05/2021;13365;13340;13470;13260
18/05/2021;13350;13455;13490;13340
17/05/2021;13455;13600;13645;13450
14/05/2021;13330;13695;13710;13553
13/05/2021;13360;14105;14105;13658
12/05/2021;13725;14120;14210;13990
11/05/2021;13740;13840;13840;13840
10/05/2021;13880;14190;14190;13815
07/05/2021;14190;14050;14105;14050
06/05/2021;13905;14190;14190;14080
05/05/2021;14125;13900;13900;13845
04/05/2021;13840;13460;13615;13460
03/05/2021;13430;13400;13420;13400
30/04/2021;13385;13380;13400;13380
29/04/2021;13370;13190;13375;13135
28/04/2021;13165;13140;13190;13095
27/04/2021;13135;13200;13200;13075
26/04/2021;13220;13400;13535;13215
23/04/2021;13430;13400;13500;13310
22/04/2021;13360;12880;13400;12860
21/04/2021;12865;12835;12885;12790
20/04/2021;12840;12850;12860;12820
19/04/2021;12845;12895;12960;12825
16/04/2021;12880;13070;13070;12875
15/04/2021;13050;13155;13170;13030
14/04/2021;13165;13100;13170;13070
13/04/2021;13130;13110;13150;13085
12/04/2021;13100;13095;13195;13080
09/04/2021;13090;13080;13145;13035
08/04/2021;13110;13140;13150;13100
07/04/2021;13170;13130;13170;13100
06/04/2021;13130;13160;13160;13105
05/04/2021;13160;13110;13200;13095
02/04/2021;13115;13115;13115;13115
01/04/2021;13115;13160;13240;13100
31/03/2021;13180;13200;13270;13160
30/03/2021;13220;13270;13300;13170
29/03/2021;13265;13085;13300;13070
26/03/2021;13085;13125;13190;13080
25/03/2021;13150;13310;13385;13140
24/03/2021;13395;13190;13450;13190
23/03/2021;13210;13230;13260;13120
22/03/2021;13215;13160;13230;13130
19/03/2021;13145;13025;13155;13020
18/03/2021;13030;13180;13200;12990
17/03/2021;13215;13045;13215;13000
16/03/2021;13010;12935;13080;12930
15/03/2021;12940;12990;13010;12925
12/03/2021;12775;13010;13010;12973
11/03/2021;12770;13030;13050;12985
10/03/2021;12755;13170;13190;13015
09/03/2021;12915;13195;13210;13170
08/03/2021;12970;13180;13328;13178
05/03/2021;12945;13380;13390;13150
04/03/2021;13075;13185;13210;13125
03/03/2021;13165;12995;13180;12995
02/03/2021;13055;12785;13010;12755
01/03/2021;12795;12795;12800;12795
26/02/2021;12750;12810;12820;12700
25/02/2021;12805;12825;12910;12750
24/02/2021;12870;12835;12940;12830
23/02/2021;12835;12845;12905;12820
22/02/2021;12890;12875;12910;12805
19/02/2021;12870;12755;12955;12685
18/02/2021;12730;12690;12760;12650
17/02/2021;12745;12710;12755;12605
16/02/2021;12715;12815;12850;12615
12/02/2021;12810;12890;12910;12805
11/02/2021;12890;12880;12910;12810
10/02/2021;12880;12910;12970;12845
09/02/2021;12915;13045;13045;12840
08/02/2021;12970;13000;13100;12965
05/02/2021;13000;13015;13025;12820
04/02/2021;13025;13090;13090;12965
03/02/2021;13090;13350;13410;12765
02/02/2021;13360;13345;13380;13310
01/02/2021;13340;13460;13485;13330
29/01/2021;13460;13410;13490;13375
28/01/2021;13390;13465;13500;13350
27/01/2021;13455;13285;13480;13275
26/01/2021;13305;13125;13325;13120
25/01/2021;13235;13270;13270;13050
22/01/2021;13275;13215;13300;13180
21/01/2021;13245;13200;13250;13165
20/01/2021;13210;13190;13280;13085
19/01/2021;13195;13090;13265;13080
15/01/2021;13115;13145;13355;13075
14/01/2021;12895;12935;12950;12890
13/01/2021;12880;12863;13130;12863
12/01/2021;12610;12605;12850;12535
11/01/2021;12340;12455;12475;12455
08/01/2021;12415;12720;12740;12638
07/01/2021;12450;12658;12730;12620
06/01/2021;12420;12640;12700;12615
05/01/2021;12355;12655;12715;12518
04/01/2021;12450;12650;12650;12650
31/12/2020;12400;12240;12240;12240
30/12/2020;12205;12225;12390;12150
29/12/2020;12205;12000;12240;12000
28/12/2020;11995;12320;12320;11990
25/12/2020;12453;12453;12453;12453
24/12/2020;12280;12375;12385;12260
23/12/2020;12390;12390;12445;12340
22/12/2020;12365;12355;12435;12325
21/12/2020;12360;12600;12600;12360
18/12/2020;12580;12580;12640;12525
17/12/2020;12585;12310;12620;12310
16/12/2020;12340;12315;12370;12305
15/12/2020;12330;12370;12370;12270
14/12/2020;12415;12450;12500;12370
11/12/2020;12470;12400;12485;12400
10/12/2020;12400;12375;12520;12340
09/12/2020;12365;12310;12375;12300
08/12/2020;12330;12320;12370;12250
07/12/2020;12310;12225;12350;12205
04/12/2020;12225;12315;12315;12225
03/12/2020;12325;12410;12415;12305
02/12/2020;12450;12460;12530;12415
01/12/2020;12530;12525;12610;12475
30/11/2020;12555;12675;12700;12410
27/11/2020;12675;12475;12690;12440
25/11/2020;12445;12405;12560;12400
24/11/2020;12390;12425;12465;12355
23/11/2020;12440;12455;12455;12150
20/11/2020;12465;12415;12470;12390
19/11/2020;12440;12445;12450;12390
18/11/2020;12450;12300;12450;12300
17/11/2020;12330;12300;12370;12240
16/11/2020;12280;12290;12420;12240
13/11/2020;12050;12323;12380;12288
12/11/2020;12050;12420;12435;12285
11/11/2020;12230;12433;12450;12390
10/11/2020;12285;12333;12450;12245
09/11/2020;12390;12425;12460;12360
06/11/2020;12415;12425;12470;12388
05/11/2020;12670;12280;12450;12275
04/11/2020;12520;12250;12340;12233
03/11/2020;12490;12540;12555;12530
02/11/2020;12545;12485;12545;12480
30/10/2020;12525;12465;12640;12450
29/10/2020;12470;12485;12485;12345
28/10/2020;12470;12580;12600;12430
27/10/2020;12480;12280;12520;12265
26/10/2020;12290;12350;12450;12265
23/10/2020;12345;12215;12350;12180
22/10/2020;12220;12200;12250;12180
21/10/2020;12195;12195;12300;12180
20/10/2020;12240;12440;12440;12180
19/10/2020;12450;12365;12475;12360
16/10/2020;12375;12480;12515;12360
15/10/2020;12515;12410;12565;12410
14/10/2020;12430;12240;12555;12215
13/10/2020;12235;12290;12345;12230
12/10/2020;12305;12505;12520;12270
09/10/2020;12465;12650;12710;11850
08/10/2020;12655;12640;12730;12635
07/10/2020;12660;12610;12705;12600
06/10/2020;12625;12670;12750;12615
05/10/2020;12695;12510;12760;12510
02/10/2020;12550;12510;12570;12490
01/10/2020;12510;12445;12555;12445
30/09/2020;12475;12480;12515;12420
29/09/2020;12510;12465;12570;12420
28/09/2020;12460;12450;12500;12425
25/09/2020;12450;12550;12590;12385
24/09/2020;12560;12485;12590;12445
23/09/2020;12490;12480;12595;12320
22/09/2020;12520;12250;12535;12215
21/09/2020;12220;12505;12570;12120
18/09/2020;12515;12250;12550;12225
17/09/2020;12250;12165;12295;12120
16/09/2020;12160;12125;12180;12120
15/09/2020;12150;12085;12185;12085
14/09/2020;12215;12140;12250;12068
11/09/2020;12215;12450;14000;12445
10/09/2020;12580;12423;12610;12375
09/09/2020;12540;12468;12520;12440
08/09/2020;12555;12413;12530;12375
04/09/2020;12500;12515;12515;12515
03/09/2020;12445;12535;12535;12535
02/09/2020;12390;12243;12310;12215
01/09/2020;12250;12305;12340;12210
31/08/2020;12490;12600;12600;12600
28/08/2020;12320;12700;12735;12345
27/08/2020;12620;12205;12590;12200
26/08/2020;12255;12060;12275;12060
25/08/2020;12020;12105;12155;11980
24/08/2020;12260;12295;12490;12210
21/08/2020;12300;12170;12320;12145
20/08/2020;12165;12040;12225;12005
19/08/2020;12040;11955;12045;11850
18/08/2020;11920;11970;12040;11910
17/08/2020;11975;11890;11980;11885
14/08/2020;11890;11725;11900;11725
13/08/2020;11755;11720;11800;11695
12/08/2020;11780;11660;11790;11660
11/08/2020;11680;11700;11775;11680
10/08/2020;11710;11510;11725;11510
07/08/2020;11525;11515;11580;11510
06/08/2020;11480;11675;11675;11455
05/08/2020;11680;11615;11750;11600
04/08/2020;11570;11605;11705;11550
03/08/2020;11590;11640;11670;11555
31/07/2020;11595;11610;11640;11525
30/07/2020;11535;11360;11900;11350
29/07/2020;11385;11400;11485;11350
28/07/2020;11425;11620;11620;11215
27/07/2020;11640;11835;11860;11605
24/07/2020;11805;11825;11865;11785
23/07/2020;11835;11850;11900;11830
22/07/2020;11870;11840;11900;11810
21/07/2020;11805;11795;11880;11770
20/07/2020;11815;11845;11865;11755
17/07/2020;11825;11785;11885;11765
16/07/2020;11790;11960;11985;11705
15/07/2020;11990;12045;12060;11935
14/07/2020;16180;11943;12090;11925
13/07/2020;16180;11880;12070;11860
10/07/2020;16155;11978;12005;11825
09/07/2020;16315;17800;17900;17800
08/07/2020;16315;12265;12265;12088
07/07/2020;16520;17500;17750;17500
06/07/2020;16415;12285;12305;12165
02/07/2020;16525;16500;17250;16500
01/07/2020;15940;19900;19900;16990
30/06/2020;14505;20300;20300;19970
29/06/2020;13700;13450;14510;13450
26/06/2020;13570;13500;13680;13100
25/06/2020;13555;14040;14050;13530
24/06/2020;13940;14145;14150;13870
23/06/2020;14060;14000;14170;13930
22/06/2020;14000;14040;14375;13900
19/06/2020;14020;14100;14345;13975
18/06/2020;14040;14420;14630;13960
17/06/2020;14545;15400;15400;14310
16/06/2020;15730;16720;16720;15730
15/06/2020;16680;16100;17085;16100
12/06/2020;16065;14555;16065;14195
11/06/2020;14565;16005;16050;14565
10/06/2020;16065;16065;16655;16065
09/06/2020;17565;17565;17565;17565
08/06/2020;19065;19065;19065;19065
05/06/2020;20565;22210;23565;20565
04/06/2020;22065;20675;22065;20630
03/06/2020;20565;19200;20565;19065
02/06/2020;19065;18100;19065;18100
01/06/2020;18115;17200;18165;17015
29/05/2020;17215;16880;17315;16815
28/05/2020;16885;16400;17310;16295
27/05/2020;16360;16250;16400;16220
26/05/2020;16240;16010;16395;16000
22/05/2020;16050;16015;16125;16000
21/05/2020;16040;16080;16080;15940
20/05/2020;16085;16050;16195;16005
19/05/2020;16070;16030;16165;15910
18/05/2020;16070;16055;16375;15990
15/05/2020;16015;15950;16040;15535
14/05/2020;17420;15765;16460;15705
13/05/2020;17420;15643;15690;15430
12/05/2020;17225;17250;17250;17250
11/05/2020;16810;17510;17510;17510
08/05/2020;16700;15008;15490;15008
07/05/2020;16850;14903;15090;14863
06/05/2020;16690;16765;16790;16765
05/05/2020;16145;16100;16100;16100
04/05/2020;16200;14818;14830;14658
01/05/2020;16775;16370;16370;15780
30/04/2020;17155;18140;18700;16350
29/04/2020;18000;17000;17850;16550
28/04/2020;16860;17150;17325;16140
27/04/2020;16975;16560;17000;16230
24/04/2020;16610;16885;17195;16000
23/04/2020;16675;15750;16675;15750
22/04/2020;15825;15205;15910;15000
21/04/2020;15140;14530;15230;14400
20/04/2020;14560;14500;14730;14435
17/04/2020;14495;14365;14515;14335
16/04/2020;14325;14270;14335;14240
15/04/2020;14190;14265;14355;14135
14/04/2020;14280;14345;14470;14125
13/04/2020;14325;14460;14605;14315
09/04/2020;14520;14205;14545;14185
08/04/2020;14315;14385;14390;14070
07/04/2020;14340;14640;14660;14065
06/04/2020;14680;14610;14740;14595
03/04/2020;14550;14300;14680;14270
02/04/2020;14245;14065;14330;14055
01/04/2020;14055;14000;14140;13815
31/03/2020;14035;14095;14130;14000
30/03/2020;14095;13995;14170;13970
27/03/2020;13970;13725;14090;13725
26/03/2020;13770;13560;13810;13560
25/03/2020;13625;13290;13650;13280
24/03/2020;13280;13230;13395;13210
23/03/2020;13235;13385;13490;13155
20/03/2020;13285;14005;14015;13230
19/03/2020;13920;14175;14320;13895
18/03/2020;14290;13930;14350;13800
17/03/2020;13950;13615;14065;13580
16/03/2020;13615;13345;13665;13270
13/03/2020;13120;12860;12860;12860
12/03/2020;13150;12998;13260;12813
11/03/2020;12975;13015;13020;13015
10/03/2020;12845;12815;12835;12815
09/03/2020;12780;12805;12850;12750
06/03/2020;12880;13100;13100;12820
05/03/2020;13030;13455;13470;13150
04/03/2020;13405;13455;13460;13455
03/03/2020;13455;13590;13590;13590
02/03/2020;13500;13560;13640;13560
28/02/2020;13515;13370;13660;13370
27/02/2020;13415;13415;13535;13275
26/02/2020;13425;13400;13500;13355
25/02/2020;13365;13325;13475;13305
24/02/2020;13370;13410;13415;13260
21/02/2020;13385;13405;13450;13310
20/02/2020;13435;13420;13520;13380
19/02/2020;13425;13420;13470;13335
18/02/2020;13430;13305;13460;13300
14/02/2020;13330;13295;13420;13240
13/02/2020;13305;13400;13400;13080
12/02/2020;13390;13555;13600;13385
11/02/2020;13605;13750;13750;13535
10/02/2020;13695;13600;13860;13570
07/02/2020;13615;13525;13650;13510
06/02/2020;13525;13540;13550;13485
05/02/2020;13540;13450;13575;13430
04/02/2020;13585;13580;13605;13500
03/02/2020;13565;13575;13665;13495
31/01/2020;13610;13655;13680;13465
30/01/2020;13560;13690;13720;13480
29/01/2020;13665;13600;13740;13560
28/01/2020;13585;13470;13605;13405
27/01/2020;13470;13485;13550;13350
24/01/2020;13585;13580;13655;13530
23/01/2020;13625;13425;13705;13375
22/01/2020;13435;13395;13475;13350
21/01/2020;13415;13485;13585;13375
17/01/2020;13515;13330;13635;13305
16/01/2020;13335;13365;13420;13265
15/01/2020;13360;13350;13410;13260
14/01/2020;13050;12960;12960;12960
13/01/2020;12970;13100;13100;13015
10/01/2020;13075;12920;12920;12920
09/01/2020;13000;12910;12920;12910
08/01/2020;12835;12820;13110;12750
07/01/2020;12835;12820;12820;12820
06/01/2020;12815;12865;12865;12865
03/01/2020;12995;12895;12895;12895
02/01/2020;12935;13020;13280;12840
31/12/2019;13135;12960;13115;12960
30/12/2019;12965;13055;13085;12930
27/12/2019;13030;12880;13080;12880
26/12/2019;12875;12830;12920;12830
24/12/2019;12940;12890;12960;12885
23/12/2019;12915;12780;12935;12780
20/12/2019;12880;12770;12895;12745
19/12/2019;12795;12775;12815;12720
18/12/2019;12785;12680;12800;12610
17/12/2019;12680;12545;12825;12545
16/12/2019;12605;12495;12635;12495
13/12/2019;12515;12410;12530;12365
12/12/2019;12430;12415;12450;12370
11/12/2019;12430;12440;12480;12345
10/12/2019;12450;12435;12490;12415
09/12/2019;12450;12265;12450;12265
06/12/2019;12310;12280;12310;12235
05/12/2019;12295;12290;12330;12270
04/12/2019;12295;12330;12330;12275
03/12/2019;12335;12455;12460;12305
02/12/2019;12475;12475;12560;12420
29/11/2019;12485;12400;12490;12390
27/11/2019;12390;12240;12400;12200
26/11/2019;12240;12190;12270;12155
25/11/2019;12195;12145;12240;12140
22/11/2019;12180;12240;12250;12165
21/11/2019;12245;12110;12250;12110
20/11/2019;12100;12050;12110;12040
19/11/2019;12090;12070;12095;11995
18/11/2019;12090;11995;12140;11960
15/11/2019;11890;11820;11910;11715
14/11/2019;11650;11898;11940;11795
13/11/2019;11695;11973;11980;11898
12/11/2019;11740;12045;12090;11960
11/11/2019;11780;12005;12100;11940
08/11/2019;11800;11780;11780;11780
07/11/2019;11770;11975;12050;11933
06/11/2019;11730;11730;11730;11700
05/11/2019;11710;11905;11990;11828
04/11/2019;11585;11725;11725;11725
01/11/2019;11725;11820;11825;11820
31/10/2019;11730;11980;12080;11958
30/10/2019;11700;11620;11900;11600
29/10/2019;11645;11505;11785;11495
28/10/2019;11580;11790;11820;11570
25/10/2019;11800;11730;11815;11705
24/10/2019;11730;11675;11760;11660
23/10/2019;11670;11700;11700;11655
22/10/2019;11700;11800;11900;11690
21/10/2019;11795;11910;11910;11755
18/10/2019;11910;11975;11990;11890
17/10/2019;11990;12000;12040;11905
16/10/2019;11980;11880;12080;11825
15/10/2019;11885;11985;12035;11830
14/10/2019;11990;12060;12060;11875
11/10/2019;12060;12010;12075;11975
10/10/2019;12040;12000;12170;12000
09/10/2019;12005;11840;12050;11840
08/10/2019;11840;11640;11920;11630
07/10/2019;11645;11645;11735;11620
04/10/2019;11660;11715;11830;11640
03/10/2019;11715;11705;11790;11705
02/10/2019;11715;11870;11870;11685
01/10/2019;11870;11995;12000;11865
30/09/2019;12015;12090;12125;11955
27/09/2019;12155;12080;12260;12050
26/09/2019;12080;11910;12225;11875
25/09/2019;11895;12000;12000;11870
24/09/2019;12000;12020;12055;11970
23/09/2019;12060;12295;12295;12025
20/09/2019;12315;12335;12350;12250
19/09/2019;12365;12305;12385;12295
18/09/2019;12310;12250;12365;12245
17/09/2019;12275;12210;12320;12210
16/09/2019;12215;12230;12240;12195
13/09/2019;11970;12153;12280;12145
12/09/2019;11935;11855;11855;11855
11/09/2019;11845;11890;11890;11890
10/09/2019;11765;11695;11705;11675
09/09/2019;11680;11695;11695;11635
06/09/2019;11690;11895;11970;11890
05/09/2019;11690;11605;11605;11600
04/09/2019;11700;11980;12010;11855
03/09/2019;11685;11913;12000;11903
30/08/2019;11670;11685;11685;11685
29/08/2019;11560;11355;11620;11335
28/08/2019;11335;11350;11350;11300
27/08/2019;11150;11200;11200;11125
26/08/2019;11220;10945;11240;10945
23/08/2019;10980;10870;11000;10870
22/08/2019;10870;10915;10945;10865
21/08/2019;10910;10930;10995;10895
20/08/2019;10980;11035;11080;10970
19/08/2019;11030;11205;11225;11025
16/08/2019;11200;11305;11420;11195
15/08/2019;11320;11500;11500;11290
14/08/2019;11500;11545;11650;11480
13/08/2019;11455;11550;11565;11455
12/08/2019;11570;11380;11575;11345
09/08/2019;11370;11370;11395;11320
08/08/2019;11355;11395;11505;11350
07/08/2019;11370;11370;11520;11300
06/08/2019;11340;11405;11410;11320
05/08/2019;11430;11695;11695;11270
02/08/2019;11705;11935;11950;11620
01/08/2019;11950;11930;12000;11860
31/07/2019;11945;12095;12135;11885
30/07/2019;12095;12295;12335;12080
29/07/2019;12310;12160;12345;12150
26/07/2019;12195;12100;12200;12045
25/07/2019;12125;12030;12150;12030
24/07/2019;12035;11950;12060;11925
23/07/2019;11970;11945;12030;11845
22/07/2019;11920;11945;12070;11895
19/07/2019;11945;11870;11970;11805
18/07/2019;11890;11765;11900;11760
17/07/2019;11815;11800;11825;11735
16/07/2019;11785;11840;11850;11715
15/07/2019;11885;11850;11960;11850
12/07/2019;11680;11630;11630;11605
11/07/2019;11665;11600;11650;11600
10/07/2019;11655;11620;11670;11600
09/07/2019;11600;11683;11898;11678
08/07/2019;11440;11480;11758;11475
05/07/2019;11205;11403;11530;11368
03/07/2019;11100;10980;10980;10980
02/07/2019;10970;11030;11030;10990
01/07/2019;11215;11573;11630;11495
28/06/2019;11275;11205;11300;11150
27/06/2019;11140;11120;11120;11015
26/06/2019;11000;11070;11125;11000
25/06/2019;11055;11150;11200;11050
24/06/2019;11180;11280;11365;11150
21/06/2019;11295;11190;11390;11190
20/06/2019;11225;11420;11450;11055
19/06/2019;11365;11545;11600;11315
18/06/2019;11565;11625;11625;11540
17/06/2019;11615;11605;11640;11600
14/06/2019;11640;11660;11700;11560
13/06/2019;11650;11645;11735;11630
12/06/2019;11740;11540;11745;11505
11/06/2019;11575;11750;11750;11460
10/06/2019;11770;11680;11785;11675
07/06/2019;11725;11725;11750;11675
06/06/2019;11735;11655;11790;11645
05/06/2019;11645;11615;11735;11525
04/06/2019;11680;11665;11695;11620
03/06/2019;11695;11400;11745;11395
31/05/2019;11455;11660;11675;11380
30/05/2019;11660;11675;11750;11585
29/05/2019;11715;11570;11900;11535
28/05/2019;11650;11600;11850;11475
24/05/2019;11555;11550;11740;11395
23/05/2019;11550;11350;11630;11345
22/05/2019;11335;11285;11390;11270
21/05/2019;11310;11225;11345;11205
20/05/2019;11225;11050;11240;11050
17/05/2019;11070;10915;11090;10890
16/05/2019;10905;10905;10950;10900
15/05/2019;10915;10920;10990;10755
14/05/2019;10815;10780;10780;10780
13/05/2019;10720;10785;10785;10785
10/05/2019;10720;10920;10995;10920
09/05/2019;10660;10940;11040;10915
08/05/2019;10660;10928;10990;10900
07/05/2019;10645;10550;10690;10550
06/05/2019;10410;10720;10750;10663
03/05/2019;10470;10400;10400;10340
02/05/2019;10410;10533;10730;10513
01/05/2019;10255;10175;10175;10165
30/04/2019;10275;10260;10260;10245
29/04/2019;10315;10285;10295;10120
26/04/2019;10195;10135;10210;10070
25/04/2019;10160;10180;10190;10105
24/04/2019;10160;10295;10300;10120
23/04/2019;10225;10440;10520;10215
22/04/2019;10450;10520;10520;10415
18/04/2019;10425;10475;10485;10420
17/04/2019;10480;10525;10540;10445
16/04/2019;10515;10610;10640;10480
15/04/2019;10555;10490;10620;10380
12/04/2019;10460;10280;10530;10240
11/04/2019;10285;10220;10345;10210
10/04/2019;10235;10320;10415;10215
09/04/2019;10290;10375;10395;10240
08/04/2019;10420;10525;10560;10365
05/04/2019;10515;10535;10580;10470
04/04/2019;10550;10645;10660;10450
03/04/2019;10670;10785;10815;10645
02/04/2019;10795;10850;10915;10760
01/04/2019;10860;10850;10910;10835
29/03/2019;10850;10930;10955;10820
28/03/2019;10905;11125;11165;10890
27/03/2019;11145;11250;11270;11060
26/03/2019;11260;11130;11265;11060
25/03/2019;11165;11185;11250;10955
22/03/2019;11210;11065;11210;11050
21/03/2019;11085;10940;11095;10935
20/03/2019;10940;10800;10960;10800
19/03/2019;10780;10735;10785;10700
18/03/2019;10715;10725;10860;10640
15/03/2019;10725;10745;10795;10685
14/03/2019;10575;10788;10888;10740
13/03/2019;10595;10735;10850;10725
12/03/2019;10485;10688;10810;10680
11/03/2019;10470;10800;10880;10635
08/03/2019;10590;10723;10900;10720
07/03/2019;10540;10650;10650;10650
06/03/2019;10625;10480;10480;10480
05/03/2019;10475;10570;10570;10570
04/03/2019;10440;10400;10400;10400
01/03/2019;10285;10583;10588;10478
28/02/2019;10395;10285;10420;10285
27/02/2019;10285;10520;10520;10250
26/02/2019;10365;10110;10525;10060
25/02/2019;10100;10165;10220;10010
22/02/2019;10190;10210;10215;10150
21/02/2019;10210;10050;10285;10005
20/02/2019;10035;9860;10055;9800
19/02/2019;9865;9980;9985;9825
15/02/2019;9995;10175;10175;9970
14/02/2019;10185;10280;10285;10175
13/02/2019;10260;10255;10365;10240
12/02/2019;10250;10310;10345;10250
11/02/2019;10270;10365;10375;10250
08/02/2019;10365;10485;10505;10360
07/02/2019;10500;10540;10540;10360
06/02/2019;10575;10705;10735;10460
05/02/2019;10735;10695;10760;10665
04/02/2019;10680;10690;10700;10650
01/02/2019;10650;10640;10730;10610
31/01/2019;10610;10615;10660;10585
30/01/2019;10630;10725;10730;10620
29/01/2019;10725;10700;10750;10700
28/01/2019;10720;10700;10790;10670
25/01/2019;10670;10675;10780;10650
24/01/2019;10675;10730;10815;10670
23/01/2019;10760;10650;10830;10585
22/01/2019;10650;10600;10815;10580
18/01/2019;10625;10570;10685;10535
17/01/2019;10500;10455;10650;10455
16/01/2019;10465;10350;10495;10350
15/01/2019;10380;10585;10585;10340
14/01/2019;10430;10760;10800;10543
11/01/2019;10530;10833;10930;10690
10/01/2019;10595;10778;10860;10778
09/01/2019;10550;10723;10815;10698
08/01/2019;10490;10678;10750;10578
07/01/2019;10405;10463;10683;10458
04/01/2019;10225;10420;10498;10408
03/01/2019;10170;10105;10105;10095
02/01/2019;10085;10455;10500;10280
31/12/2018;10095;10100;10100;10050
28/12/2018;10055;10125;10125;9980
27/12/2018;10125;10310;10310;10030
26/12/2018;10310;10345;10360;10290
24/12/2018;10420;10675;10720;10480
21/12/2018;10550;10505;10565;10470
20/12/2018;10525;10480;10555;10330
19/12/2018;10500;10615;10675;10480
18/12/2018;10530;10575;10695;10500
17/12/2018;10555;10635;10650;10535
14/12/2018;10575;10450;10640;10370
13/12/2018;10450;10530;10560;10420
12/12/2018;10550;10630;10680;10530
11/12/2018;10645;10665;10740;10610
10/12/2018;10665;10715;10780;10570
07/12/2018;10770;10830;10835;10750
06/12/2018;10830;10825;10970;10825
05/12/2018;10820;10945;10970;10810
04/12/2018;10975;10980;11045;10880
03/12/2018;10980;10890;11110;10885
30/11/2018;10885;10915;10930;10710
29/11/2018;10915;10825;10945;10795
28/11/2018;10820;10835;10850;10600
27/11/2018;10845;10750;10870;10750
26/11/2018;10750;10700;10810;10685
23/11/2018;10760;10805;10815;10675
21/11/2018;10785;10730;10835;10730
20/11/2018;10735;10745;10810;10645
19/11/2018;10770;10895;10940;10755
16/11/2018;10890;10720;10930;10715
15/11/2018;10740;10875;10935;10620
14/11/2018;10900;10900;10900;10900
13/11/2018;10875;10900;10900;10900
12/11/2018;10645;10625;10683;10578
09/11/2018;10595;10665;10665;10505
08/11/2018;10615;10733;10870;10623
07/11/2018;10700;10750;10750;10750
06/11/2018;10655;10820;10883;10670
05/11/2018;10755;10768;10900;10768
02/11/2018;10740;10663;10793;10615
01/11/2018;10635;10680;10880;10680
31/10/2018;10580;10400;10565;10400
30/10/2018;10440;10440;10440;10240
29/10/2018;10475;10710;10830;10360
26/10/2018;10730;10820;10835;10710
25/10/2018;10795;10820;10860;10750
24/10/2018;10855;10805;10945;10750
23/10/2018;10820;10775;11035;10700
22/10/2018;10835;11040;11040;10725
19/10/2018;11035;10965;11080;10950
18/10/2018;10960;10930;11020;10855
17/10/2018;10960;10870;11020;10825
16/10/2018;10885;10715;10965;10710
15/10/2018;10750;10600;10775;10510
12/10/2018;10685;10685;10745;10560
11/10/2018;10685;10915;10915;10545
10/10/2018;10935;10930;11040;10890
09/10/2018;10950;10850;11045;10815
08/10/2018;10875;10735;10905;10715
05/10/2018;10820;10735;11030;10645
04/10/2018;10780;10450;10950;10450
03/10/2018;10490;10260;10500;10250
02/10/2018;10265;10180;10300;10025
01/10/2018;10135;9850;10180;9785
28/09/2018;9780;9785;9930;9730
27/09/2018;9785;9785;9845;9660
26/09/2018;9785;9875;9940;9755
25/09/2018;9875;9830;9895;9805
24/09/2018;9830;9915;10000;9800
21/09/2018;9880;9885;9950;9730
20/09/2018;9875;9810;9985;9705
19/09/2018;9795;10085;10090;9670
18/09/2018;10045;10300;10300;10005
17/09/2018;10300;10510;10550;10300
14/09/2018;10665;10755;10760;10438
13/09/2018;10665;10768;10943;10725
12/09/2018;10645;10793;10830;10753
11/09/2018;10645;10918;10968;10750
10/09/2018;10815;10920;11033;10885
07/09/2018;10845;10878;10970;10810
06/09/2018;10775;10800;10800;10800
05/09/2018;10705;10950;10950;10800
04/09/2018;10850;10820;10820;10800
31/08/2018;10830;10650;10845;10615
30/08/2018;10670;10800;10900;10520
29/08/2018;10810;10590;10820;10590
28/08/2018;10595;10510;10745;10360
27/08/2018;10510;10790;10810;10410
24/08/2018;10785;10830;10890;10715
23/08/2018;10800;10820;10880;10780
22/08/2018;10800;10540;10900;10375
21/08/2018;10540;10270;10575;10205
20/08/2018;10265;10325;10450;9995
17/08/2018;10350;10565;10590;10290
16/08/2018;10460;10330;10650;10305
15/08/2018;10325;10215;10425;9905
14/08/2018;10195;10315;10485;10090
13/08/2018;10305;10555;10560;10295
10/08/2018;10550;10770;10840;10530
09/08/2018;10740;10640;10750;10480
08/08/2018;10650;10920;10920;10580
07/08/2018;10910;11285;11285;10880
06/08/2018;11275;11575;11655;11210
03/08/2018;11495;11610;11795;11415
02/08/2018;11630;11870;11930;11530
01/08/2018;11875;11880;12025;11845
31/07/2018;11915;11935;12055;11845
30/07/2018;11955;12000;12040;11735
27/07/2018;12005;11960;12055;11950
26/07/2018;12000;12035;12050;11955
25/07/2018;12045;12045;12065;12010
24/07/2018;12055;11975;12080;11960
23/07/2018;11990;11890;12000;11880
20/07/2018;11930;11860;11940;11800
19/07/2018;11865;11930;11930;11715
18/07/2018;11825;11955;12000;11710
17/07/2018;12010;12025;12040;11930
16/07/2018;12045;11980;12075;11970
13/07/2018;11815;11840;11840;11835
12/07/2018;11835;11860;12050;11835
11/07/2018;11810;11848;11920;11710
10/07/2018;11810;12090;12120;11870
09/07/2018;12150;11925;11945;11900
06/07/2018;12115;12200;12200;11985
05/07/2018;12235;11655;11973;11655
03/07/2018;12000;11383;11643;11340
02/07/2018;11795;11990;12050;11950
29/06/2018;11610;11410;11550;11230
28/06/2018;11420;11840;12000;11320
27/06/2018;11700;12475;12510;11690
26/06/2018;12505;12475;12710;12330
25/06/2018;12470;12570;12880;12430
22/06/2018;12600;12695;12935;12590
21/06/2018;12695;12635;12960;12590
20/06/2018;12650;12250;12685;12210
19/06/2018;12210;12745;12810;12200
18/06/2018;12745;12380;12770;12350
15/06/2018;12360;12255;12435;12145
14/06/2018;12305;12110;12340;11945
13/06/2018;12090;11910;12140;11890
12/06/2018;11925;11710;11960;11290
11/06/2018;11640;11190;11660;11155
08/06/2018;11180;11195;11240;10990
07/06/2018;11215;11520;11570;10970
06/06/2018;11555;10930;11585;10625
05/06/2018;10945;11240;11260;10900
04/06/2018;11215;11495;11500;11200
01/06/2018;11445;11610;11690;11425
31/05/2018;11560;11660;11705;11490
30/05/2018;11660;11450;11845;11450
29/05/2018;11460;11560;11565;11335
25/05/2018;11565;11505;11610;11260
24/05/2018;11560;11900;11940;11460
23/05/2018;11920;12375;12380;11720
22/05/2018;12330;12235;12360;12190
21/05/2018;12230;12350;12425;12180
18/05/2018;12325;12520;12520;12250
17/05/2018;12500;12545;12580;12490
16/05/2018;12550;12500;12630;12490
15/05/2018;12485;12485;12605;12470
14/05/2018;12325;12635;12910;12478
11/05/2018;12485;12350;12350;12330
10/05/2018;12355;12445;12450;12340
09/05/2018;12450;12465;12475;12440
08/05/2018;12525;12485;12490;12485
07/05/2018;12530;12600;12600;12520
04/05/2018;12680;12675;12675;12675
03/05/2018;12745;12998;13030;12970
02/05/2018;12755;12685;12685;12670
01/05/2018;12635;12620;12620;12620
30/04/2018;12785;12755;12865;12755
27/04/2018;12810;12700;12855;12690
26/04/2018;12710;13070;13130;12580
25/04/2018;13105;13100;13180;13090
24/04/2018;13130;13070;13150;13015
23/04/2018;13065;13000;13125;12900
20/04/2018;12990;13005;13070;12960
19/04/2018;13080;13165;13175;13035
18/04/2018;13175;13110;13210;13075
17/04/2018;13155;13015;13160;12850
16/04/2018;13055;13055;13215;12985
13/04/2018;13110;12900;13135;12870
12/04/2018;12885;12810;12890;12795
11/04/2018;12805;12770;12860;12765
10/04/2018;12775;12800;12870;12710
09/04/2018;12820;12495;12930;12495
06/04/2018;12495;12360;12505;12330
05/04/2018;12390;12385;12395;12320
04/04/2018;12420;12405;12440;12330
03/04/2018;12385;12320;12400;12250
02/04/2018;12310;12375;12460;12275
29/03/2018;12355;12425;12470;12335
28/03/2018;12445;12465;12520;12430
27/03/2018;12445;12420;12500;12395
26/03/2018;12460;12370;12470;12340
23/03/2018;12360;12300;12380;12230
22/03/2018;12325;12305;12350;12260
21/03/2018;12315;12220;12380;12200
20/03/2018;12205;12285;12330;12200
19/03/2018;12285;12435;12445;12275
16/03/2018;12460;12410;12500;12310
15/03/2018;12410;12330;12440;12250
14/03/2018;12100;12273;12360;12250
13/03/2018;12100;12290;12360;12270
12/03/2018;12135;12328;12350;12215
09/03/2018;12160;12428;12440;12250
08/03/2018;12260;12445;12473;12365
07/03/2018;12315;12450;12450;12450
06/03/2018;12310;12463;12533;12440
05/03/2018;12300;12300;12310;12300
02/03/2018;12265;12320;12320;12250
01/03/2018;12420;12420;12475;12400
28/02/2018;12390;12010;12445;12010
27/02/2018;11950;11905;11970;11890
26/02/2018;11890;11995;12080;11850
23/02/2018;11965;12035;12035;11900
22/02/2018;12020;11990;12050;11900
21/02/2018;11960;11860;11965;11840
20/02/2018;11855;12040;12040;11845
16/02/2018;12015;11950;12040;11900
15/02/2018;11950;12200;12200;11950
14/02/2018;12250;12260;12290;12235
13/02/2018;12285;12400;12425;12275
12/02/2018;12390;12270;12410;12190
09/02/2018;12325;12350;12450;12260
08/02/2018;12445;12460;12470;12325
07/02/2018;12500;12545;12570;12465
06/02/2018;12550;12505;12560;12480
05/02/2018;12530;12440;12550;12400
02/02/2018;12460;12360;12485;12340
01/02/2018;12405;12415;12450;12350
31/01/2018;12440;12380;12510;12300
30/01/2018;12410;12405;12460;12335
29/01/2018;12435;12300;12485;12300
26/01/2018;12335;12140;12390;12135
25/01/2018;12140;12130;12200;12050
24/01/2018;12165;12190;12200;12025
23/01/2018;12200;12145;12300;12110
22/01/2018;12180;12120;12230;12085
19/01/2018;12205;12090;12230;12050
18/01/2018;12145;12145;12240;12095
17/01/2018;12150;12095;12270;12085
16/01/2018;12145;11905;12240;11890
12/01/2018;11580;11740;11830;11708
11/01/2018;11520;11893;12000;11703
10/01/2018;11695;11908;11970;11853
09/01/2018;11710;11898;12030;11845
08/01/2018;11645;11828;11960;11788
05/01/2018;11565;11520;11520;11520
04/01/2018;11475;11700;11783;11520
03/01/2018;11410;11535;11535;11500
02/01/2018;11535;11950;11950;11708
29/12/2017;11680;11600;11690;11560
28/12/2017;11655;11805;11805;11545
27/12/2017;11790;11785;11845;11785
26/12/2017;11795;11960;11960;11725
22/12/2017;11950;11905;11995;11840
21/12/2017;11995;11800;12045;11770
20/12/2017;11840;11710;11860;11710
19/12/2017;11715;11745;11940;11655
18/12/2017;11710;11715;11750;11660
15/12/2017;11705;11750;11805;11705
14/12/2017;11715;11835;11840;11700
13/12/2017;11770;12200;12250;11740
12/12/2017;12260;12200;12295;12155
11/12/2017;12220;12105;12230;12035
08/12/2017;12065;12135;12145;12025
07/12/2017;12130;12150;12190;12120
06/12/2017;12185;12255;12390;12175
05/12/2017;12330;12200;12360;12175
04/12/2017;12180;12475;12480;12115
01/12/2017;12460;12485;12545;12440
30/11/2017;12530;12370;12580;12370
29/11/2017;12375;12315;12425;12285
28/11/2017;12305;12260;12340;12215
27/11/2017;12295;12390;12430;12245
24/11/2017;12420;12390;12450;12160
22/11/2017;12420;12310;12430;12250
21/11/2017;12340;12305;12360;12305
20/11/2017;12375;12285;12380;12140
17/11/2017;12285;12130;12300;12055
16/11/2017;12165;12065;12175;11930
15/11/2017;12085;11530;12095;11525
14/11/2017;11240;11155;11265;11155
13/11/2017;11120;11120;11150;11120
10/11/2017;11165;11455;11480;11400
09/11/2017;11175;11453;11480;11358
08/11/2017;11140;11540;11570;11378
07/11/2017;11240;11335;11335;11335
06/11/2017;11240;11195;11215;11195
03/11/2017;11285;11100;11100;11100
02/11/2017;11150;11250;11250;11150
01/11/2017;11200;11290;11290;11050
31/10/2017;11290;11450;11450;11235
30/10/2017;11450;11620;11620;11380
27/10/2017;11550;11535;11700;11325
26/10/2017;11490;11650;11700;11455
25/10/2017;11665;11635;11830;11600
24/10/2017;11605;11950;11960;11590
23/10/2017;11975;12100;12100;11970
20/10/2017;12075;11950;12125;11910
19/10/2017;11930;11865;11995;11855
18/10/2017;11945;12130;12160;11845
17/10/2017;12130;12120;12150;12115
16/10/2017;12120;12190;12210;12110
13/10/2017;12185;12230;12285;12135
12/10/2017;12250;12065;12330;11915
11/10/2017;12035;12030;12120;12000
10/10/2017;12020;11845;12090;11810
09/10/2017;11840;11915;12010;11820
06/10/2017;11885;11925;11925;11820
05/10/2017;11915;12035;12070;11905
04/10/2017;12030;12035;12175;12010
03/10/2017;12015;12050;12050;11965
02/10/2017;12020;12005;12035;11930
29/09/2017;11995;11975;12085;11970
28/09/2017;11970;11900;11990;11800
27/09/2017;11900;11930;11960;11700
26/09/2017;11970;12050;12065;11930
25/09/2017;12020;12375;12460;11665
22/09/2017;12365;12700;12740;12350
21/09/2017;12710;12790;12795;12690
20/09/2017;12805;12800;12805;12690
19/09/2017;12780;12865;12880;12720
18/09/2017;12885;12800;12900;12800
15/09/2017;12805;12820;12825;12765
14/09/2017;12525;12820;12870;12760
13/09/2017;12640;12690;12765;12690
12/09/2017;12695;12410;12410;12410
11/09/2017;12400;12720;12720;12640
08/09/2017;12455;12445;12445;12415
07/09/2017;12425;12690;12790;12680
06/09/2017;12455;12445;12445;12445
05/09/2017;12495;12920;12950;12650
01/09/2017;12665;12850;13030;12770
31/08/2017;12550;12400;12540;12400
30/08/2017;12395;12310;12470;12295
29/08/2017;12285;12300;12400;12140
28/08/2017;12330;12405;12560;12325
25/08/2017;12395;12380;12415;12340
24/08/2017;12370;12300;12480;12250
23/08/2017;12300;12200;12300;12135
22/08/2017;12205;12190;12245;12120
21/08/2017;12185;12225;12290;12090
18/08/2017;12145;12115;12180;12020
17/08/2017;12120;12185;12220;12100
16/08/2017;12185;12200;12245;12120
15/08/2017;12245;12360;12365;12225
14/08/2017;12340;12470;12485;12260
11/08/2017;12495;12260;12530;12260
10/08/2017;12250;12300;12360;12220
09/08/2017;12310;12200;12325;12175
08/08/2017;12145;12085;12225;12065
07/08/2017;12045;12315;12345;11975
04/08/2017;12330;12350;12450;12255
03/08/2017;12385;12475;12500;12350
02/08/2017;12490;12365;12515;12365
01/08/2017;12370;12260;12395;12250
31/07/2017;12260;12390;12410;12245
28/07/2017;12415;12330;12450;12325
27/07/2017;12315;12230;12360;12230
26/07/2017;12275;12280;12355;12265
25/07/2017;12300;12070;12400;12060
24/07/2017;12140;11920;12180;11920
21/07/2017;11985;11920;12045;11865
20/07/2017;12000;11770;12060;11740
19/07/2017;11865;11860;11900;11825
18/07/2017;11865;11840;11900;11805
17/07/2017;11840;11760;11850;11635
14/07/2017;11415;11350;11350;11350
13/07/2017;11500;11625;11625;11625
12/07/2017;11575;11790;11790;11535
11/07/2017;11815;11993;12110;11940
10/07/2017;11755;12015;12103;11845
07/07/2017;11720;11530;11725;11530
06/07/2017;11645;11650;11650;11645
05/07/2017;11610;11600;11605;11585
03/07/2017;11515;11610;11610;11560
30/06/2017;11505;11780;11785;11520
29/06/2017;11590;11390;11700;11350
28/06/2017;11425;11290;11445;11255
27/06/2017;11290;11185;11340;11165
26/06/2017;11180;11255;11280;11100
23/06/2017;11255;11135;11330;11050
22/06/2017;11105;11155;11370;11100
21/06/2017;11175;11345;11345;11160
20/06/2017;11370;11450;11490;11340
19/06/2017;11520;11355;11550;11335
16/06/2017;11400;11445;11490;11360
15/06/2017;11475;11050;11490;11025
14/06/2017;11030;11245;11260;10860
13/06/2017;11255;11255;11365;11210
12/06/2017;11300;11260;11360;11245
09/06/2017;11320;11230;11335;11130
08/06/2017;11230;11210;11280;11200
07/06/2017;11230;11100;11235;11050
06/06/2017;11095;11045;11155;11045
05/06/2017;11045;11145;11185;11030
02/06/2017;11120;11010;11265;10990
01/06/2017;11050;11110;11195;11010
31/05/2017;11130;11175;11245;11100
30/05/2017;11185;10960;11200;10850
26/05/2017;10975;10940;10995;10850
25/05/2017;10930;11050;11070;10880
24/05/2017;11055;10840;11110;10840
23/05/2017;10910;11000;11105;10905
22/05/2017;11055;10845;11080;10795
19/05/2017;10830;10895;10895;10765
18/05/2017;10885;10905;10950;10710
17/05/2017;10910;10625;10985;10625
16/05/2017;10625;10660;10700;10520
15/05/2017;10630;10410;10750;10410
12/05/2017;10230;10640;10790;10320
11/05/2017;10415;10220;10305;10220
10/05/2017;10055;9895;10035;9895
09/05/2017;9645;9920;9950;9900
08/05/2017;9700;9690;9690;9690
05/05/2017;9620;9672;9930;9605
04/05/2017;9650;9600;9600;9600
03/05/2017;9635;9307;9940;9250
02/05/2017;9330;9347;9670;9252
01/05/2017;9355;9250;9250;9250
28/04/2017;9130;9130;9185;9130
27/04/2017;9135;9205;9245;9130
26/04/2017;9145;9290;9350;9150
25/04/2017;9295;9610;9640;9270
24/04/2017;9605;9800;9830;9600
21/04/2017;9770;9850;9850;9740
20/04/2017;9850;10020;10080;9805
19/04/2017;10050;10090;10130;10015
18/04/2017;10050;10090;10150;10025
17/04/2017;10100;10210;10240;10095
13/04/2017;10170;10160;10260;10030
12/04/2017;10180;10235;10290;10150
11/04/2017;10265;10260;10270;10175
10/04/2017;10265;10215;10275;10175
07/04/2017;10230;10210;10260;10140
06/04/2017;10180;10155;10260;10140
05/04/2017;10175;10100;10195;10090
04/04/2017;10070;10075;10170;10050
03/04/2017;10070;9890;10215;9880
31/03/2017;9895;9845;9980;9810
30/03/2017;9845;9840;9900;9790
29/03/2017;9865;9755;9890;9750
28/03/2017;9755;9790;9830;9700
27/03/2017;9805;9795;9900;9720
24/03/2017;9780;9830;9860;9765
23/03/2017;9850;9785;9860;9775
22/03/2017;9780;9765;9800;9730
21/03/2017;9770;9830;9870;9740
20/03/2017;9855;9915;9935;9780
17/03/2017;9915;9815;9945;9760
16/03/2017;9830;9700;9835;9665
15/03/2017;9675;9725;9770;9640
14/03/2017;9550;9580;9580;9550
13/03/2017;9620;9660;9840;9655
10/03/2017;9465;9450;9450;9450
09/03/2017;9465;9365;9465;9365
08/03/2017;9385;9355;9355;9355
07/03/2017;9275;9570;9592;9490
06/03/2017;9325;9590;9620;9572
03/03/2017;9325;9350;9350;9350
02/03/2017;9355;9340;9340;9335
01/03/2017;9380;9295;9295;9295
28/02/2017;9285;9390;9420;9305
27/02/2017;9355;9440;9450;9330
24/02/2017;9425;9450;9450;9360
23/02/2017;9470;9450;9500;9400
22/02/2017;9460;9425;9475;9270
21/02/2017;9430;9365;9510;9365
17/02/2017;9335;9310;9365;9300
16/02/2017;9340;9380;9435;9300
15/02/2017;9390;9425;9445;9360
14/02/2017;9435;9480;9520;9410
13/02/2017;9485;9540;9540;9450
10/02/2017;9565;9435;9600;9435
09/02/2017;9475;9530;9605;9420
08/02/2017;9555;9390;9565;9390
07/02/2017;9425;9475;9490;9340
06/02/2017;9485;9500;9645;9480
03/02/2017;9545;9515;9605;9505
02/02/2017;9535;9535;9585;9470
01/02/2017;9530;9595;9620;9500
31/01/2017;9535;9710;9745;9525
30/01/2017;9765;9800;9840;9705
27/01/2017;9810;9730;9825;9660
26/01/2017;9750;9840;9865;9750
25/01/2017;9840;9950;9980;9810
24/01/2017;9930;9830;9985;9750
23/01/2017;9800;9865;9895;9755
20/01/2017;9820;9810;9865;9785
19/01/2017;9835;9880;9975;9810
18/01/2017;9920;9945;10020;9800
17/01/2017;9950;9900;10100;9880
